url,name,address,city,state,phone
https://www.southportdentalclinic.ca/site/home?utm_source=G&utm_medium=LPM&utm_campaign=DentalCorp,Results,"5 Glen Stewart Dr, Stratford, PE C1B 2A8, Canada",PE C1B 2A8,Canada,+1 902-813-6093
https://www.islandmobiledentalhygiene.com/,Results,"28C Myrtle St, Stratford, PE C1B 2W2, Canada",PE C1B 2W2,Canada,+1 902-707-6453
http://www.charlottetowndentalclinic.ca/,Results,"35 Grafton St, Charlottetown, PE C1A 1K6, Canada",PE C1A 1K6,Canada,+1 902-566-1515
http://www.gatewaydentalpei.com/,Results,"369 Grafton St, Charlottetown, PE C1A 1M1, Canada",PE C1A 1M1,Canada,+1 902-892-4444
https://parkdaledentalclinic.ca/,Results,"103 St Peters Rd, Charlottetown, PE C1A 5P1, Canada",PE C1A 5P1,Canada,+1 902-566-1123
http://rochfordfamilydental.com/,Results,"45 Rochford St, Charlottetown, PE C1A 3T2, Canada",PE C1A 3T2,Canada,+1 902-894-9232
https://www.waterviewdentalpei.ca/,Results,"519 N River Rd, Charlottetown, PE C1E 1J6, Canada",PE C1E 1J6,Canada,+1 902-628-8088
https://www.downtowndentalpei.com/site/home?utm_source=G&utm_medium=LPM&utm_campaign=DentalCorp,Results,"232 Queen St Ste 100, Charlottetown, PE C1A 4B8, Canada",PE C1A 4B8,Canada,+1 902-813-1930
https://www.drkerbybruceandassociates.ca/site/home?utm_source=G&utm_medium=LPM&utm_campaign=DentalCorp,Results,"184 Belvedere Ave, Charlottetown, PE C1A 2Z1, Canada",PE C1A 2Z1,Canada,+1 902-813-5015
https://www.redshoredental.ca/?utm_source=https://www.redshoredental.ca/services&utm_medium=organic&utm_campaign=gmb-listing,Results,"110 Kensington Rd, Charlottetown, PE C1A 5J5, Canada",PE C1A 5J5,Canada,+1 902-620-7222
http://northwestdentistry.ca/,Results,"21 John Yeo Dr Ste 4, Charlottetown, PE C1E 3J3, Canada",PE C1E 3J3,Canada,+1 902-566-1010
http://www.belvederedental.ca/,Results,"184 Belvedere Ave, Charlottetown, PE C1A 2Z1, Canada",PE C1A 2Z1,Canada,+1 902-566-5199
http://riverviewdentalpei.com/campbell,Results,"1 Garfield St, Charlottetown, PE C1A 6A4, Canada",PE C1A 6A4,Canada,+1 902-367-4481
http://keepsmilingcornwall.com/,Results,"11 Church St, Cornwall, PE C0A 1H0, Canada",PE C0A 1H0,Canada,+1 902-566-4004
http://4kidsdentistry.ca/,Results,"1B Garfield St, Charlottetown, PE C1A 6A4, Canada",PE C1A 6A4,Canada,+1 902-370-5437
https://www.wsdc.ca/site/home?utm_source=G&utm_medium=LPM&utm_campaign=DentalCorp,Results,"645 Water St E, Summerside, PE C1N 4H9, Canada",PE C1N 4H9,Canada,+1 902-712-5404
https://www.princeedwardisland.ca/en/information/health-pei/dental-health-services,Results,"152 St Peters Rd, Charlottetown, PE C1A 5P8, Canada",PE C1A 5P8,Canada,+1 902-368-5460
https://www.montaguedental.ca/site/home?utm_source=G&utm_medium=LPM&utm_campaign=DentalCorp,Results,"4B Riverside Dr, Montague, PE C0A 1R0, Canada",PE C0A 1R0,Canada,+1 902-813-6169
http://peidenturesolutions.com/,Results,"224 Queen St, Charlottetown, PE C1A 4B6, Canada",PE C1A 4B6,Canada,+1 902-892-3253
https://dentistinkensington.ca/,Results,"50 Broadway St S, Kensington, PE C0B 1M0, Canada",PE C0B 1M0,Canada,+1 902-836-3977
http://www.dapei.ca/,Results,"184 Belvedere Ave, Charlottetown, PE C1A 2Z1, Canada",PE C1A 2Z1,Canada,+1 902-892-4470
https://www.islandsmilesdentistry.ca/?utm_source=https://www.islandsmilesdentistry.ca/services&utm_medium=organic&utm_campaign=gmb-listing,Results,"388 Central St Ste B, Summerside, PE C1N 0H6, Canada",PE C1N 0H6,Canada,+1 902-436-2642
http://www.rochfordfamilydental.com/,Results,"45 Rochford St, Charlottetown, PE C1A 3T2, Canada",PE C1A 3T2,Canada,+1 902-894-9232
https://confedcourtmall.com/island-denture-clinic/,Results,"119 Kent St Suite 210, Charlottetown, PE C1A 1N3, Canada",PE C1A 1N3,Canada,+1 902-916-0086
https://murphyspharmacies.com/walk-in-clinics/,Results,"13 Stratford Rd, Stratford, PE C1B 1T4, Canada",PE C1B 1T4,Canada,+1 902-892-2111
https://summitcentre.com/,Results,"342 Grafton St, Charlottetown, PE C1A 1L8, Canada",PE C1A 1L8,Canada,+1 902-892-7600
http://www.goldbergortho.ca/,Results,"20 Linden Ave, Charlottetown, PE C1A 5Y8, Canada",PE C1A 5Y8,Canada,+1 902-368-7001
https://www.gatewaydentalpei.com/team/dr-marla-peters,Results,"369 Grafton St, Charlottetown, PE C1A 1M1, Canada",PE C1A 1M1,Canada,+1 902-894-8900
