url,name,address,city,state,phone
https://www.downtowndentalpei.com/site/home?utm_source=G&utm_medium=LPM&utm_campaign=DentalCorp,Results,"232 Queen St Ste 100, Charlottetown, PE C1A 4B8, Canada",PE C1A 4B8,Canada,+1 902-813-1930
http://www.gatewaydentalpei.com/,Results,"369 Grafton St, Charlottetown, PE C1A 1M1, Canada",PE C1A 1M1,Canada,+1 902-892-4444
http://www.charlottetowndentalclinic.ca/,Results,"35 Grafton St, Charlottetown, PE C1A 1K6, Canada",PE C1A 1K6,Canada,+1 902-566-1515
https://www.waterviewdentalpei.ca/,Results,"519 N River Rd, Charlottetown, PE C1E 1J6, Canada",PE C1E 1J6,Canada,+1 902-628-8088
https://www.drkerbybruceandassociates.ca/site/home?utm_source=G&utm_medium=LPM&utm_campaign=DentalCorp,Results,"184 Belvedere Ave, Charlottetown, PE C1A 2Z1, Canada",PE C1A 2Z1,Canada,+1 902-813-5015
https://parkdaledentalclinic.ca/,Results,"103 St Peters Rd, Charlottetown, PE C1A 5P1, Canada",PE C1A 5P1,Canada,+1 902-566-1123
http://northwestdentistry.ca/,Results,"21 John Yeo Dr Ste 4, Charlottetown, PE C1E 3J3, Canada",PE C1E 3J3,Canada,+1 902-566-1010
http://www.belvederedental.ca/,Results,"184 Belvedere Ave, Charlottetown, PE C1A 2Z1, Canada",PE C1A 2Z1,Canada,+1 902-566-5199
http://rochfordfamilydental.com/,Results,"45 Rochford St, Charlottetown, PE C1A 3T2, Canada",PE C1A 3T2,Canada,+1 902-894-9232
https://www.redshoredental.ca/?utm_source=https://www.redshoredental.ca/services&utm_medium=organic&utm_campaign=gmb-listing,Results,"110 Kensington Rd, Charlottetown, PE C1A 5J5, Canada",PE C1A 5J5,Canada,+1 902-620-7222
http://riverviewdentalpei.com/campbell,Results,"1 Garfield St, Charlottetown, PE C1A 6A4, Canada",PE C1A 6A4,Canada,+1 902-367-4481
https://www.princeedwardisland.ca/en/information/health-pei/dental-health-services,Results,"152 St Peters Rd, Charlottetown, PE C1A 5P8, Canada",PE C1A 5P8,Canada,+1 902-368-5460
https://docbraces.com/clinics/charlottetown,Results,"10 Daniel Dr, Charlottetown, PE C1E 3P2, Canada",PE C1E 3P2,Canada,+1 902-367-0609
http://keepsmilingcornwall.com/,Results,"11 Church St, Cornwall, PE C0A 1H0, Canada",PE C0A 1H0,Canada,+1 902-566-4004
http://4kidsdentistry.ca/,Results,"1B Garfield St, Charlottetown, PE C1A 6A4, Canada",PE C1A 6A4,Canada,+1 902-370-5437
http://allenstreetdental.ca/,Results,"22 Allen St, Charlottetown, PE C1A 2V3, Canada",PE C1A 2V3,Canada,+1 902-367-3430
https://www.lenoxdental.ca/,Results,"140 Water St, Charlottetown, PE C1A 1A7, Canada",PE C1A 1A7,Canada,+1 902-894-4841
http://www.lenoxdental.ca/,Results,"140 Water St, Charlottetown, PE C1A 1A8, Canada",PE C1A 1A8,Canada,+1 902-894-4841
https://www.maclellanoralsurgery.com/,Results,"21 John Yeo Dr Unit 1, Charlottetown, PE C1E 3J3, Canada",PE C1E 3J3,Canada,+1 902-892-2970
https://summitcentre.com/,Results,"342 Grafton St, Charlottetown, PE C1A 1L8, Canada",PE C1A 1L8,Canada,+1 902-892-7600
http://peiperiodontist.ca/,Results,"590 N River Rd Ste 1, Charlottetown, PE C1E 1J7, Canada",PE C1E 1J7,Canada,+1 902-894-5100
http://www.resonancedentalstudio.com/,Results,"8 Camburhill Ct Unit 3, Charlottetown, PE C1E 0E2, Canada",PE C1E 0E2,Canada,+1 902-894-3854
http://peidenturesolutions.com/,Results,"224 Queen St, Charlottetown, PE C1A 4B6, Canada",PE C1A 4B6,Canada,+1 902-892-3253
http://www.rochfordfamilydental.com/,Results,"45 Rochford St, Charlottetown, PE C1A 3T2, Canada",PE C1A 3T2,Canada,+1 902-894-9232
https://confedcourtmall.com/island-denture-clinic/,Results,"119 Kent St Suite 210, Charlottetown, PE C1A 1N3, Canada",PE C1A 1N3,Canada,+1 902-916-0086
http://www.goldbergortho.ca/,Results,"20 Linden Ave, Charlottetown, PE C1A 5Y8, Canada",PE C1A 5Y8,Canada,+1 902-368-7001
https://www.redshoredental.ca/meet-our-charlottetown-team,Results,"110 Kensington Rd, Charlottetown, PE C1A 5J5, Canada",PE C1A 5J5,Canada,+1 902-620-7222
https://www.southportdentalclinic.ca/site/home?utm_source=G&utm_medium=LPM&utm_campaign=DentalCorp,Results,"5 Glen Stewart Dr, Stratford, PE C1B 2A8, Canada",PE C1B 2A8,Canada,+1 902-813-6093
http://www.dapei.ca/,Results,"184 Belvedere Ave, Charlottetown, PE C1A 2Z1, Canada",PE C1A 2Z1,Canada,+1 902-892-4470
https://www.gatewaydentalpei.com/team/dr-marla-peters,Results,"369 Grafton St, Charlottetown, PE C1A 1M1, Canada",PE C1A 1M1,Canada,+1 902-894-8900
https://www.cornwalldentalcare.com/,Results,"4 Meadowbank Rd Unit 8, Cornwall, PE C0A 1H0, Canada",PE C0A 1H0,Canada,+1 902-816-1904
https://www.islandmobiledentalhygiene.com/,Results,"28C Myrtle St, Stratford, PE C1B 2W2, Canada",PE C1B 2W2,Canada,+1 902-707-6453
https://www.princeedwardisland.ca/en/point-interest/four-neighborhoods-health-centre,Results,"152 St Peters Rd, Charlottetown, PE C1A 5P8, Canada",PE C1A 5P8,Canada,+1 902-569-7772
https://www.wsdc.ca/site/home?utm_source=G&utm_medium=LPM&utm_campaign=DentalCorp,Results,"645 Water St E, Summerside, PE C1N 4H9, Canada",PE C1N 4H9,Canada,+1 902-712-5404
https://abegweitanimalhospital.ca/,Results,"24 F. J. McAulay Ct, Charlottetown, PE C1A 9M7, Canada",PE C1A 9M7,Canada,+1 902-892-3538
https://www.dermaenvy.com/,Results,"39 Eden St, Charlottetown, PE C1A 2S2, Canada",PE C1A 2S2,Canada,+1 902-894-7546
https://www.miltonvalevetclinic.ca/contact-us,Results,"950 Lower Malpeque Rd, Charlottetown, PE C1E 0P8, Canada",PE C1E 0P8,Canada,+1 902-368-8800
http://soledentaltech.ca/,Results,"1 Rochford St Unit 138, Charlottetown, PE C1A 9L2, Canada",PE C1A 9L2,Canada,+1 902-916-0396
https://dentistinkensington.ca/,Results,"50 Broadway St S, Kensington, PE C0B 1M0, Canada",PE C0B 1M0,Canada,+1 902-836-3977
http://peidha.ca/,Results,"81 Prince St, Charlottetown, PE C1A 4R3, Canada",PE C1A 4R3,Canada,(800) 267-5235
https://www.facebook.com/HamptonDentalClinic,Results,"19566 Trans Canada Hwy-Rte 1, Crapaud, PE C0A 1J0, Canada",PE C0A 1J0,Canada,+1 902-658-2919
https://charlottetownvetclinic.ca/,Results,"5 Kirkwood Dr, Charlottetown, PE C1A 2T4, Canada",PE C1A 2T4,Canada,+1 902-892-4287
https://www.montaguedental.ca/site/home?utm_source=G&utm_medium=LPM&utm_campaign=DentalCorp,Results,"4B Riverside Dr, Montague, PE C0A 1R0, Canada",PE C0A 1R0,Canada,+1 902-813-6169
https://uniteddentallab.ca/,Results,"342 Grafton St, Charlottetown, PE C1A 1L9, Canada",PE C1A 1L9,Canada,+1 902-894-1302
https://www.cornwalldentalcare.com/site/home,Results,"4 Meadowbank Rd Unit 8, Cornwall, PE C0A 1H0, Canada",PE C0A 1H0,Canada,+1 902-628-1620
https://www.islandsmilesdentistry.ca/?utm_source=https://www.islandsmilesdentistry.ca/services&utm_medium=organic&utm_campaign=gmb-listing,Results,"388 Central St Ste B, Summerside, PE C1N 0H6, Canada",PE C1N 0H6,Canada,+1 902-436-2642
https://www.seasidesmileshygiene.ca/,Results,"7 Green St, Souris, PE C0A 2B0, Canada",PE C0A 2B0,Canada,+1 902-687-2822
